"","Estimate","Std. Error","t value","Pr(>|t|)"
"(Intercept)",-9.10095685119547,0.493259406825916,-18.4506503581136,1.05179884662011e-58
"ln_mining_cost_lag1",0.604580117720218,0.0194057244675129,31.1547305916017,1.78107127039047e-120
"sp500_return_lag1",-0.66778683918044,1.14846334865375,-0.581461167187646,0.56118458125085
"vix_lag1",-0.0177998561931751,0.00415056106500346,-4.28854217885365,2.14875672021418e-05
"treasury_lag1",-1.75944203177086,0.338566512369288,-5.19673968774492,2.93036096726153e-07
